round, GPUCB, decomposed GPUCB, EI, decomposed EI, POI, decomposed POI
0, 485.870659144, 601.186179496, 438.721041046, 210.682046245