round, GPUCB, decomposed GPUCB, EI, decomposed EI, POI, decomposed POI
0, 205.470530171, 179.416868382, 507.336316811, 542.312025972, 370.117831533, 276.930056158