round, GPUCB, decomposed GPUCB, EI, decomposed EI, POI, decomposed POI
0, 1062.3705703, 1974.70708434, 2874.2959723, 3026.70183416, 