round, GPUCB, decomposed GPUCB, EI, decomposed EI, POI, decomposed POI
0, 605.064447482, 651.320517773, 728.272329016, 1064.86266715, 743.315139553, 