round, GPUCB, decomposed GPUCB, EI, decomposed EI, POI, decomposed POI
0, 650.990963646, 708.974584028, 782.464342801, 1083.32782379, 775.154485744, 