round, GPUCB, decomposed GPUCB, EI, decomposed EI, POI, decomposed POI
0, 208.620110177, 297.846275244, 515.553458319, 604.705076188, 340.58337036, 327.837811747