round, GPUCB, decomposed GPUCB, EI, decomposed EI, POI, decomposed POI
0, 244.275773327, 314.495090101, 747.872291317, 948.919692397, 