round, GPUCB, decomposed GPUCB, EI, decomposed EI, POI, decomposed POI
0, 643.188763809, 633.743293717, 583.277842097, 539.160839463, 