round, GPUCB, decomposed GPUCB, EI, decomposed EI, POI, decomposed POI
0, 191.277541771, 538.717992052, 574.039240958, 776.0826802, 484.326269408, 698.125921529