round, GPUCB, decomposed GPUCB, EI, decomposed EI, POI, decomposed POI
0, 602.013313405, 599.460489407, 606.590574758, 534.358841975, 