round, GPUCB, decomposed GPUCB, EI, decomposed EI, POI, decomposed POI
0, 1072.10150326, 1064.69317969, 1042.02003484, 908.060617178, 