round, GPUCB, decomposed GPUCB, EI, decomposed EI, POI, decomposed POI
0, 1170.84973153, 1162.70399062, 1167.32705563, 1024.77073197, 
1, 