round, GPUCB, decomposed GPUCB, EI, decomposed EI, POI, decomposed POI
0, 551.416377282, 561.208286281, 514.823441223, 474.148407598, 