round, GPUCB, decomposed GPUCB, EI, decomposed EI, POI, decomposed POI
0, 383.307381809, 365.195088983, 384.048637773, 151.246831617, 314.092505965, 1915.74306379