round, GPUCB, decomposed GPUCB, EI, decomposed EI, POI, decomposed POI
0, 814.097780201, 821.536099861, 659.702834304, 412.399661456, 585.805407759, 412.03144905