round, GPUCB, decomposed GPUCB, EI, decomposed EI, POI, decomposed POI
0, 815.243075926, 803.524389037, 830.049101669, 695.94429241, 