round, GPUCB, decomposed GPUCB, EI, decomposed EI, POI, decomposed POI
0, 1294.9730566709613, 1299.526507063938, 1208.2584439574728, 1055.647571462625, 