round, GPUCB, decomposed GPUCB, EI, decomposed EI, POI, decomposed POI
0, 532.891496680443, 527.4678739343799, 428.7062814951707, 312.6499613943506, 