round, GPUCB, decomposed GPUCB, EI, decomposed EI, POI, decomposed POI
0, 652.271025315, 650.351672901, 617.141813417, 552.248826399, 