round, GPUCB, decomposed GPUCB, EI, decomposed EI, POI, decomposed POI
0, 23.6811178685, 20.3448779785, 22.1526637238, 269.198660349, 
1, 25.9407117548, 29.3710684289, 