round, GPUCB, decomposed GPUCB, EI, decomposed EI, POI, decomposed POI
0, 37.8281942111, 33.4571034437, 39.8976506267, 41.4859281881, 
1, 34.7820918581, 36.409725745, 43.6192356502, 39.9681342449, 
2, 38.9235382319, 43.5241623995, 44.1743082398, 43.9584033245, 
3, 29.1191500002, 27.7126314427, 41.6948269061, 37.6140731387, 
4, 