round, GPUCB, decomposed GPUCB, EI, decomposed EI, POI, decomposed POI
0, 146.014349378, 139.948108081, 166.501559528, 187.224298092, 
1, 96.0389925037, 94.9559427647, 112.113476061, 113.678647612, 
2, 175.410094695, 