round, GPUCB, decomposed GPUCB, EI, decomposed EI, POI, decomposed POI
0, 17.7163454051, 23.7513979155, 26.8235647798, 87.2371975914, 
1, 51.4947200212, 64.6011193126, 52.9245939695, 408.429102315, 
2, 22.168986915, 21.5152608838, 26.8600734616, 59.3035274269, 
3, 15.5810071947, 22.2749694118, 32.3426361262, 