round, GPUCB, decomposed GPUCB, EI, decomposed EI, POI, decomposed POI
0, 1508.20295735, 834.406172065, 822.752829181, 905.988723734, 2905.36711519, 2577.30779847, 