round, GPUCB, decomposed GPUCB, EI, decomposed EI, POI, decomposed POI
0, 2341.44459259, 762.617216411, 903.687510722, 7634.64878164, 621.148183909, 7686.89683951, 