round, GPUCB, decomposed GPUCB, EI, decomposed EI, POI, decomposed POI
0, 1941.20696375, 1292.80864424, 661.475194057, 7261.45565802, 1206.70109147, 7531.01122072, 