round, GPUCB, decomposed GPUCB, EI, decomposed EI, POI, decomposed POI
0, 1565.32883831, 364.748829634, 342.767779817, 533.459693155, 554.721267936, 