round, GPUCB, decomposed GPUCB, EI, decomposed EI, POI, decomposed POI
0, 796.549840791, 1655.27530083, 689.447744292, 927.9343884, 
1, 